[
    {
        "list": "Paradise Valley",
        "address": "6729 N Desert Hills Rd, Paradise Valley, AZ 85253",
        "note": "Sandcast big pay day (List: Paradise Valley)"
    },
    {
        "list": "Paradise Valley",
        "address": "5925 E Joshua Tree Ln, Paradise Valley, AZ 85253",
        "note": "(List: Paradise Valley)"
    },
    {
        "list": "Taylor",
        "address": "8637 E V\u00eda De La Escuela, Scottsdale, AZ 85258",
        "note": "(List: Taylor)"
    },
    {
        "list": "Paradise Valley",
        "address": "8331 E V\u00eda De Las Flores, Scottsdale, AZ 85258",
        "note": "Lewis (List: Paradise Valley)"
    },
    {
        "list": "Thursday Jan",
        "address": "7615 N V\u00eda Del Elemental, Scottsdale, AZ 85258",
        "note": "Liz foam roof need help (List: Thursday Jan)"
    },
    {
        "list": "Thursday Jan",
        "address": "7527 N V\u00eda De La Campana, Scottsdale, AZ 85258",
        "note": "Brad looking for recoat (List: Thursday Jan)"
    },
    {
        "list": "Thursday Jan",
        "address": "7636 N V\u00eda De La Campana, Scottsdale, AZ 85258",
        "note": "Rick (List: Thursday Jan)"
    },
    {
        "list": "Thursday Jan",
        "address": "7835 East V\u00eda de Belleza, Scottsdale, AZ 85258",
        "note": "(List: Thursday Jan)"
    },
    {
        "list": "Thursday Jan",
        "address": "7806 East V\u00eda de Belleza, Scottsdale, AZ 85258",
        "note": "Nice lady work from home (List: Thursday Jan)"
    },
    {
        "list": "Tyler",
        "address": "Paradise Valley Village, Scottsdale, AZ 85254",
        "note": "Maggiano\u2019s needs a roof (List: Tyler)"
    },
    {
        "list": "Tyler",
        "address": "8348 East V\u00eda de Sereno, Scottsdale, AZ 85258",
        "note": "(List: Tyler)"
    },
    {
        "list": "Bill Lyn neighborhood",
        "address": "10750 W Wagon Wheel Dr, Glendale, AZ 85307",
        "note": "(List: Bill Lyn neighborhood)"
    },
    {
        "list": "Anthem",
        "address": "2334 W Hidden Valley Rd, Phoenix, AZ 85086",
        "note": "Nobody home (List: Anthem)"
    },
    {
        "list": "Glendale",
        "address": "5720 W Zoe Ella Way, Glendale, AZ 85306",
        "note": "Big roof panels damage to roof (List: Glendale)"
    },
    {
        "list": "Glendale",
        "address": "5756 W Zoe Ella Way, Glendale, AZ 85306",
        "note": "Very ready roof (List: Glendale)"
    },
    {
        "list": "Glendale",
        "address": "5708 W Zoe Ella Way, Glendale, AZ 85306",
        "note": "This whole street is good (List: Glendale)"
    },
    {
        "list": "Sunday oct",
        "address": "8614 W Charter Oak Rd, Peoria, AZ 85381",
        "note": "All three houses (List: Sunday oct)"
    },
    {
        "list": "Sunday oct",
        "address": "8557 W Charter Oak Rd, Peoria, AZ 85381",
        "note": "Damage to roof (List: Sunday oct)"
    },
    {
        "list": "Sunday oct",
        "address": "8602 W Charter Oak Rd, Peoria, AZ 85381",
        "note": "(List: Sunday oct)"
    },
    {
        "list": "Sunday oct",
        "address": "8632 W Charter Oak Rd, Peoria, AZ 85381",
        "note": "Flipped tabs (List: Sunday oct) | (List: Tomorrow) | Come back Tomorrow (List: Sunday oct)"
    },
    {
        "list": "Sunday oct",
        "address": "8533 W Charter Oak Rd, Peoria, AZ 85381",
        "note": "Hail his name is Will (List: Sunday oct)"
    },
    {
        "list": "Sunday oct",
        "address": "8526 W Charter Oak Rd, Peoria, AZ 85381",
        "note": "(List: Sunday oct)"
    },
    {
        "list": "Sunday oct",
        "address": "8521 W Charter Oak Rd, Peoria, AZ 85381",
        "note": "Nice roof come back (List: Sunday oct)"
    },
    {
        "list": "Monday",
        "address": "10410 W Royal Palm Rd, Peoria, AZ 85345",
        "note": "Hail damage valitine contractor (List: Monday)"
    },
    {
        "list": "Thursday Jan",
        "address": "6908 E Cactus Rd, Scottsdale, AZ 85254",
        "note": "Flipped shingles (List: Thursday Jan)"
    },
    {
        "list": "Sunday oct",
        "address": "8608 W Bloomfield Rd, Peoria, AZ 85381",
        "note": "Bad roof need help (List: Sunday oct)"
    },
    {
        "list": "Tempe",
        "address": "2514 E Don Carlos Ave, Tempe, AZ 85288",
        "note": "(List: Tempe)"
    },
    {
        "list": "Anthem",
        "address": "2246 W Speer Trail, Phoenix, AZ 85086",
        "note": "Nice guy don\u2019t come back (List: Anthem)"
    },
    {
        "list": "Anthem",
        "address": "2347 W Mesquite St, Phoenix, AZ 85086",
        "note": "(List: Anthem)"
    },
    {
        "list": "Sunday oct",
        "address": "8402 W Columbine Dr, Peoria, AZ 85381",
        "note": "Old damage roof (List: Sunday oct)"
    },
    {
        "list": "Sunday oct",
        "address": "7845 W Pershing Ave, Peoria, AZ 85381",
        "note": "Missing tabs (List: Sunday oct)"
    },
    {
        "list": "Sunday oct",
        "address": "10625 W Griswold Rd, Peoria, AZ 85345",
        "note": "Flipped tabs (List: Sunday oct)"
    },
    {
        "list": "Glendale",
        "address": "15634 N 57th Ave, Glendale, AZ 85306",
        "note": "Roof damage with panels also house next to and across (List: Glendale)"
    },
    {
        "list": "Happy creek",
        "address": "2224 W Tanya Trail, Anthem, AZ 85086",
        "note": "Hail and a lot of panels (List: Happy creek)"
    },
    {
        "list": "Happy creek",
        "address": "2322 W Speer Trail, Anthem, AZ 85086",
        "note": "Flat with hail (List: Happy creek) | Randy. Steven doing paving. Family In town from Washington (List: Anthem)"
    },
    {
        "list": "Thursday Jan",
        "address": "7130 N 79th Pl, Scottsdale, AZ 85258",
        "note": "Old roof in hail zone (List: Thursday Jan)"
    },
    {
        "list": "Thursday Jan",
        "address": "7127 N 79th Pl, Scottsdale, AZ 85258",
        "note": "Flat roof (List: Thursday Jan)"
    },
    {
        "list": "Thursday Jan",
        "address": "7024 N 79th St, Scottsdale, AZ 85258",
        "note": "(List: Thursday Jan)"
    },
    {
        "list": "Thursday Jan",
        "address": "7115 N 79th St, Scottsdale, AZ 85258",
        "note": "Has a tarp (List: Thursday Jan)"
    },
    {
        "list": "Sunday oct",
        "address": "10413 W Harmont Dr, Peoria, AZ 85345",
        "note": "Come back (List: Sunday oct)"
    },
    {
        "list": "Monday",
        "address": "10421 W Harmont Dr, Peoria, AZ 85345",
        "note": "Pretty bad roof (List: Monday)"
    },
    {
        "list": "Friday game day",
        "address": "1740 E Purdue Ave, Phoenix, AZ 85020",
        "note": "Owner of a property (List: Friday game day)"
    },
    {
        "list": "Friday game day",
        "address": "1414 E Malapai Dr, Phoenix, AZ 85020",
        "note": "Good house to come back to (List: Friday game day)"
    },
    {
        "list": "Bill Lyn neighborhood",
        "address": "10807 Vista Ave, Glendale, AZ 85307",
        "note": "Glenn (List: Bill Lyn neighborhood)"
    },
    {
        "list": "Happy creek",
        "address": "36415 N 17th Ave, Phoenix, AZ 85086",
        "note": "Come back (List: Happy creek)"
    },
    {
        "list": "Happy creek",
        "address": "36425 N 17th Ave, Phoenix, AZ 85086",
        "note": "Ashland (List: Happy creek)"
    },
    {
        "list": "Anthem",
        "address": "38441 N 23rd Ave, Phoenix, AZ 85086",
        "note": "Nobody home (List: Anthem)"
    },
    {
        "list": "Anthem",
        "address": "38447 N 23rd Ave, Phoenix, AZ 85086",
        "note": "Nobody answered (List: Anthem)"
    },
    {
        "list": "Sunday oct",
        "address": "8241 W Dreyfus Dr, Peoria, AZ 85381",
        "note": "No solitcing but bad roof (List: Sunday oct)"
    },
    {
        "list": "Sunday oct",
        "address": "8073 W Dreyfus Dr, Peoria, AZ 85381",
        "note": "Tarp (List: Sunday oct)"
    },
    {
        "list": "Friday game day",
        "address": "1432 E Carol Ave, Phoenix, AZ 85020",
        "note": "Come back Sunday (List: Friday game day)"
    },
    {
        "list": "Gate",
        "address": "14021 W Hope Dr, Surprise, AZ 85379",
        "note": "(List: Gate)"
    },
    {
        "list": "Gate",
        "address": "14407 W Hope Dr, Surprise, AZ 85379",
        "note": "(List: Gate)"
    },
    {
        "list": "Taylor",
        "address": "2326 E Victory Dr, Tempe, AZ 85288",
        "note": "Ray (List: Taylor)"
    },
    {
        "list": "Happy creek",
        "address": "2540 W Tanya Rd, Phoenix, AZ 85086",
        "note": "(List: Happy creek) | Pro west got this house (List: Anthem)"
    },
    {
        "list": "Anthem",
        "address": "39213 N 25th Ave, Anthem, AZ 85086",
        "note": "Nobody home (List: Anthem)"
    },
    {
        "list": "Tempe",
        "address": "18 W Palmcroft Dr, Tempe, AZ 85282",
        "note": "Tarp (List: Tempe)"
    },
    {
        "list": "Tempe",
        "address": "2421 E Obregon St, Tempe, AZ 85288",
        "note": "Need work on this street (List: Tempe)"
    },
    {
        "list": "Saturday",
        "address": "10203 N 89th Ave, Peoria, AZ 85345",
        "note": "(List: Saturday)"
    },
    {
        "list": "Anthem",
        "address": "2518 W Tanya Rd, Anthem, AZ 85086",
        "note": "More Coverage to get (List: Anthem)"
    },
    {
        "list": "Sunday oct",
        "address": "8432 W Aster Dr, Peoria, AZ 85381",
        "note": "Patrick is trying to file It by himself (List: Sunday oct)"
    },
    {
        "list": "Sunday oct",
        "address": "8025 N 104th Dr, Peoria, AZ 85345",
        "note": "Good house (List: Sunday oct)"
    },
    {
        "list": "Sunday oct",
        "address": "10417 W Loma Ln, Peoria, AZ 85345",
        "note": "Ebbie owned by mom (List: Sunday oct)"
    },
    {
        "list": "Monday",
        "address": "8105 N 103rd Dr, Peoria, AZ 85345",
        "note": "Come back was a baby sitter Tessa (List: Monday)"
    },
    {
        "list": "Monday",
        "address": "8021 N 105th Dr, Peoria, AZ 85345",
        "note": "Old roof (List: Monday)"
    },
    {
        "list": "Monday",
        "address": "8110 N 105th Ln, Peoria, AZ 85345",
        "note": "Laura and Sam neighborhood house across from Sam\u2019s got half roof done (List: Monday)"
    },
    {
        "list": "Friday game day",
        "address": "8425 N 12th St, Phoenix, AZ 85020",
        "note": "Has a tarp (List: Friday game day)"
    },
    {
        "list": "Friday game day",
        "address": "9603 N 15th Pl, Phoenix, AZ 85020",
        "note": "Damaged old roof (List: Friday game day)"
    },
    {
        "list": "Friday game day",
        "address": "9401 N 19th St, Phoenix, AZ 85020",
        "note": "Having roof problems Tristian (List: Friday game day)"
    },
    {
        "list": "Friday game day",
        "address": "9644 N 18th St, Phoenix, AZ 85020",
        "note": "Lawsuit (List: Friday game day)"
    },
    {
        "list": "Friday game day",
        "address": "9401 N 17th Pl, Phoenix, AZ 85020",
        "note": "Older roof big roof comeback (List: Friday game day)"
    },
    {
        "list": "Tempe",
        "address": "104 W Balboa Dr, Tempe, AZ 85282",
        "note": "Tarp (List: Tempe)"
    },
    {
        "list": "Tempe",
        "address": "4 W Geneva Dr, Tempe, AZ 85282",
        "note": "Tarp (List: Tempe)"
    },
    {
        "list": "Anthem",
        "address": "33.830851, -112.10974",
        "note": "Nobody (List: Anthem)"
    },
    {
        "list": "Anthem",
        "address": "33.830720, -112.10964",
        "note": "Not home (List: Anthem)"
    },
    {
        "list": "Paradise Valley",
        "address": "6515 E Cactus Wren Rd",
        "note": "Old roof need roof bad 3 roofs (List: Paradise Valley)"
    },
    {
        "list": "Sunday oct",
        "address": "10409 W Harmont Dr",
        "note": "(List: Sunday oct)"
    },
    {
        "list": "Sunday oct",
        "address": "8632 W Willow Ave",
        "note": "Smoked roof (List: Sunday oct)"
    },
    {
        "list": "Anthem",
        "address": "38427 N 23rd Ave",
        "note": "Nobody home (List: Anthem)"
    },
    {
        "list": "Anthem",
        "address": "38435 N 23rd Ave",
        "note": "Already got roof (List: Anthem)"
    },
    {
        "list": "Phoenix",
        "address": "12222 N 58th Way",
        "note": "(List: Phoenix)"
    },
    {
        "list": "Sunday oct",
        "address": "13250 N 75th Ln",
        "note": "(List: Sunday oct)"
    },
    {
        "list": "Come back",
        "address": "719 W Cloud Rd",
        "note": "(List: Come back)"
    },
    {
        "list": "Friday game day",
        "address": "9230 N 17th Pl",
        "note": "Damage to tile (List: Friday game day)"
    },
    {
        "list": "Thursday Jan",
        "address": "Dropped pin",
        "note": "(List: Thursday Jan)"
    },
    {
        "list": "Thursday Jan",
        "address": "Dropped pin",
        "note": "(List: Thursday Jan)"
    },
    {
        "list": "Thursday Jan",
        "address": "Dropped pin",
        "note": "(List: Thursday Jan)"
    },
    {
        "list": "Thursday Jan",
        "address": "Dropped pin",
        "note": "Absolutely smoked (List: Thursday Jan)"
    },
    {
        "list": "Tuesday",
        "address": "Dropped pin",
        "note": "Very big roof come back George Rodger\u2019s has messed it up (List: Tuesday)"
    },
    {
        "list": "Tuesday",
        "address": "Dropped pin",
        "note": "Nice house wife was nice husband named Jim (List: Tuesday)"
    },
    {
        "list": "Tuesday",
        "address": "Dropped pin",
        "note": "(List: Tuesday)"
    },
    {
        "list": "Tuesday",
        "address": "Dropped pin",
        "note": "(List: Tuesday)"
    },
    {
        "list": "Tuesday",
        "address": "Dropped pin",
        "note": "(List: Tuesday)"
    },
    {
        "list": "Tuesday",
        "address": "Dropped pin",
        "note": "(List: Tuesday)"
    },
    {
        "list": "Tuesday",
        "address": "Dropped pin",
        "note": "(List: Tuesday)"
    },
    {
        "list": "Tuesday",
        "address": "Dropped pin",
        "note": "Bad roof someone lives there come Saturday (List: Tuesday)"
    },
    {
        "list": "Tuesday",
        "address": "Dropped pin",
        "note": "Good one another neighborhood panels was hail in area (List: Tuesday)"
    },
    {
        "list": "Tuesday",
        "address": "Dropped pin",
        "note": "(List: Tuesday)"
    },
    {
        "list": "Tuesday",
        "address": "Dropped pin",
        "note": "Old roof come back (List: Tuesday)"
    },
    {
        "list": "Tuesday",
        "address": "Dropped pin",
        "note": "(List: Tuesday)"
    },
    {
        "list": "Tuesday",
        "address": "Dropped pin",
        "note": "(List: Tuesday)"
    }
]